{"initial_reset_timestamp": 1560915431.4208374, "timestamps": [1560915434.7326062, 1560915435.0541472, 1560915435.1203613, 1560915435.174041, 1560915435.2268333, 1560915435.4935756, 1560915435.7003064, 1560915436.4582233, 1560915438.1672294, 1560915438.2365177, 1560915440.2662091, 1560915441.2616057, 1560915441.3097322, 1560915441.3573227, 1560915441.4045248, 1560915443.913968, 1560915444.3583, 1560915444.4024916, 1560915444.5284684, 1560915444.7732246, 1560915445.7715487, 1560915446.6306117, 1560915448.398555, 1560915448.5670555, 1560915448.743259, 1560915449.5001733, 1560915449.608289, 1560915451.0339065, 1560915451.7297459, 1560915451.8851786, 1560915454.8523395, 1560915454.945099, 1560915455.1852758, 1560915455.235414, 1560915455.279156, 1560915455.7735155, 1560915456.1333966, 1560915457.8737504, 1560915457.9227493, 1560915457.968483, 1560915458.990544, 1560915459.1039398, 1560915460.3815358, 1560915460.9535224, 1560915461.0701742, 1560915461.3437455, 1560915461.5537603, 1560915462.3166466, 1560915464.011042, 1560915464.10541, 1560915466.0838728, 1560915467.3155384, 1560915467.3640518, 1560915467.4118962, 1560915467.5226898, 1560915470.0788167, 1560915470.276594, 1560915470.586216, 1560915470.7143073, 1560915470.8516495, 1560915471.1299639, 1560915471.3390677, 1560915473.6254308, 1560915473.6789172, 1560915473.8546045, 1560915474.2971098, 1560915474.4085197, 1560915475.038777, 1560915475.1690116, 1560915475.410517, 1560915478.1029296, 1560915478.7361615, 1560915478.9026537, 1560915478.9968402, 1560915479.18466, 1560915480.310212, 1560915480.4644666, 1560915480.9576283, 1560915481.2746155, 1560915481.3242974, 1560915482.3923247, 1560915482.5036206, 1560915484.5424097, 1560915484.591918, 1560915484.6403606, 1560915484.915254, 1560915485.1286378, 1560915487.3867612, 1560915488.0880497, 1560915488.1376405, 1560915488.8120844, 1560915488.9240904, 1560915489.389804, 1560915489.5057867, 1560915489.9352143, 1560915490.214968, 1560915490.4286523, 1560915491.2061021, 1560915492.3968375, 1560915492.9034624], "episode_lengths": [1229, 85, 23, 23, 23, 129, 103, 379, 728, 23, 1013, 503, 23, 23, 23, 1256, 225, 21, 63, 124, 496, 431, 892, 84, 88, 373, 53, 586, 311, 77, 1481, 45, 119, 23, 21, 242, 179, 871, 23, 21, 491, 55, 637, 285, 57, 129, 103, 379, 850, 46, 985, 621, 23, 23, 55, 1266, 98, 151, 60, 68, 129, 103, 1103, 23, 23, 201, 53, 301, 55, 105, 1311, 312, 81, 45, 92, 546, 74, 240, 154, 23, 515, 53, 998, 23, 23, 129, 103, 1102, 342, 23, 324, 53, 226, 55, 209, 129, 103, 379, 582, 249], "episode_rewards": [141.0, 56.0, 0.0, 0.0, 0.0, 3.0, 2.0, 16.0, 243.0, 0.0, 70.0, 205.0, 0.0, 0.0, 0.0, 133.0, 99.0, 0.0, 11.0, 89.0, 17.0, 17.0, 172.0, 21.0, 56.0, 10.0, 1.0, 42.0, 72.0, 12.0, 161.0, 7.0, 77.0, 0.0, 0.0, 7.0, 5.0, 175.0, 0.0, 0.0, 17.0, 4.0, 120.0, 117.0, 4.0, 3.0, 2.0, 16.0, 163.0, 7.0, 64.0, 253.0, 0.0, 0.0, 7.0, 144.0, 25.0, 103.0, 8.0, 14.0, 3.0, 2.0, 249.0, 0.0, 0.0, 6.0, 1.0, 11.0, 4.0, 14.0, 147.0, 57.0, 18.0, 7.0, 49.0, 25.0, 6.0, 32.0, 109.0, 0.0, 15.0, 1.0, 234.0, 0.0, 0.0, 3.0, 2.0, 104.0, 134.0, 0.0, 9.0, 1.0, 9.0, 4.0, 24.0, 3.0, 2.0, 16.0, 87.0, 67.0], "episode_types": ["t", "t", "t", "t", "t", "t", "t", "t", "t", "t", "t", "t", "t", "t", "t", "t", "t", "t", "t", "t", "t", "t", "t", "t", "t", "t", "t", "t", "t", "t", "t", "t", "t", "t", "t", "t", "t", "t", "t", "t", "t", "t", "t", "t", "t", "t", "t", "t", "t", "t", "t", "t", "t", "t", "t", "t", "t", "t", "t", "t", "t", "t", "t", "t", "t", "t", "t", "t", "t", "t", "t", "t", "t", "t", "t", "t", "t", "t", "t", "t", "t", "t", "t", "t", "t", "t", "t", "t", "t", "t", "t", "t", "t", "t", "t", "t", "t", "t", "t", "t"]}